Workbook

Sheet Dataset
A1: Data | B1: A1 | C1: A2 | D1: A3 | E1: A4
A2: D1 | B2: 1 | C2: 2 | D2: 1 | E2: 2
A3: D2 | B3: 1 | C3: 1 | D3: 2 | E3: 2
A4: D3 | B4: 2 | C4: 2 | D4: 1 | E4: 1
A5: D4 | B5: 2 | C5: 1 | D5: 2 | E5: 1
A6: D5 | B6: 8 | C6: 8 | D6: 9 | E6: 8
A7: D6 | B7: 8 | C7: 9 | D7: 8 | E7: 9
A8: D7 | B8: 9 | C8: 8 | D8: 8 | E8: 8
A9: D8 | B9: 9 | C9: 9 | D9: 9 | E9: 8
A10: D9 | B10: 4 | C10: 5 | D10: 4 | E10: 5
A11: D10 | B11: 4 | C11: 4 | D11: 5 | E11: 5
A12: D11 | B12: 5 | C12: 5 | D12: 4 | E12: 4
A13: D12 | B13: 5 | C13: 4 | D13: 5 | E13: 4

Sheet Centroid_Init
A1: Firefly | B1: Cluster | C1: A1 | D1: A2 | E1: A3 | F1: A4
A2: Firefly 1 | B2: C1 | C2: 1 | D2: 2 | E2: 1 | F2: 2
A3: Firefly 1 | B3: C2 | C3: 8 | D3: 8 | E3: 8 | F3: 8
A4: Firefly 1 | B4: C3 | C4: 4 | D4: 5 | E4: 4 | F4: 5
A5: Firefly 2 | B5: C1 | C5: 2 | D5: 1 | E5: 2 | F5: 1
A6: Firefly 2 | B6: C2 | C6: 9 | D6: 9 | E6: 9 | F6: 8
A7: Firefly 2 | B7: C3 | C7: 5 | D7: 4 | E7: 5 | F7: 4

Sheet Distance_Assign_F1
A1: Data | B1: Dist_C1 | C1: Dist_C2 | D1: Dist_C3 | E1: Cluster
A2: D1 | B2: =SUMXMY2(Dataset!B2:E2,Centroid_Init!C2:F2) | C2: =SUMXMY2(Dataset!B2:E2,Centroid_Init!C3:F3) | D2: =SUMXMY2(Dataset!B2:E2,Centroid_Init!C4:F4) | E2: =IF(B2<C2,IF(B2<D2,"C1","C3"),IF(C2<D2,"C2","C3"))
A3: D2 | B3: =SUMXMY2(Dataset!B3:E3,Centroid_Init!C2:F2) | C3: =SUMXMY2(Dataset!B3:E3,Centroid_Init!C3:F3) | D3: =SUMXMY2(Dataset!B3:E3,Centroid_Init!C4:F4) | E3: =IF(B3<C3,IF(B3<D3,"C1","C3"),IF(C3<D3,"C2","C3"))
A4: D3 | B4: =SUMXMY2(Dataset!B4:E4,Centroid_Init!C2:F2) | C4: =SUMXMY2(Dataset!B4:E4,Centroid_Init!C3:F3) | D4: =SUMXMY2(Dataset!B4:E4,Centroid_Init!C4:F4) | E4: =IF(B4<C4,IF(B4<D4,"C1","C3"),IF(C4<D4,"C2","C3"))
A5: D4 | B5: =SUMXMY2(Dataset!B5:E5,Centroid_Init!C2:F2) | C5: =SUMXMY2(Dataset!B5:E5,Centroid_Init!C3:F3) | D5: =SUMXMY2(Dataset!B5:E5,Centroid_Init!C4:F4) | E5: =IF(B5<C5,IF(B5<D5,"C1","C3"),IF(C5<D5,"C2","C3"))
A6: D5 | B6: =SUMXMY2(Dataset!B6:E6,Centroid_Init!C2:F2) | C6: =SUMXMY2(Dataset!B6:E6,Centroid_Init!C3:F3) | D6: =SUMXMY2(Dataset!B6:E6,Centroid_Init!C4:F4) | E6: =IF(B6<C6,IF(B6<D6,"C1","C3"),IF(C6<D6,"C2","C3"))
A7: D6 | B7: =SUMXMY2(Dataset!B7:E7,Centroid_Init!C2:F2) | C7: =SUMXMY2(Dataset!B7:E7,Centroid_Init!C3:F3) | D7: =SUMXMY2(Dataset!B7:E7,Centroid_Init!C4:F4) | E7: =IF(B7<C7,IF(B7<D7,"C1","C3"),IF(C7<D7,"C2","C3"))
A8: D7 | B8: =SUMXMY2(Dataset!B8:E8,Centroid_Init!C2:F2) | C8: =SUMXMY2(Dataset!B8:E8,Centroid_Init!C3:F3) | D8: =SUMXMY2(Dataset!B8:E8,Centroid_Init!C4:F4) | E8: =IF(B8<C8,IF(B8<D8,"C1","C3"),IF(C8<D8,"C2","C3"))
A9: D8 | B9: =SUMXMY2(Dataset!B9:E9,Centroid_Init!C2:F2) | C9: =SUMXMY2(Dataset!B9:E9,Centroid_Init!C3:F3) | D9: =SUMXMY2(Dataset!B9:E9,Centroid_Init!C4:F4) | E9: =IF(B9<C9,IF(B9<D9,"C1","C3"),IF(C9<D9,"C2","C3"))
A10: D9 | B10: =SUMXMY2(Dataset!B10:E10,Centroid_Init!C2:F2) | C10: =SUMXMY2(Dataset!B10:E10,Centroid_Init!C3:F3) | D10: =SUMXMY2(Dataset!B10:E10,Centroid_Init!C4:F4) | E10: =IF(B10<C10,IF(B10<D10,"C1","C3"),IF(C10<D10,"C2","C3"))
A11: D10 | B11: =SUMXMY2(Dataset!B11:E11,Centroid_Init!C2:F2) | C11: =SUMXMY2(Dataset!B11:E11,Centroid_Init!C3:F3) | D11: =SUMXMY2(Dataset!B11:E11,Centroid_Init!C4:F4) | E11: =IF(B11<C11,IF(B11<D11,"C1","C3"),IF(C11<D11,"C2","C3"))
A12: D11 | B12: =SUMXMY2(Dataset!B12:E12,Centroid_Init!C2:F2) | C12: =SUMXMY2(Dataset!B12:E12,Centroid_Init!C3:F3) | D12: =SUMXMY2(Dataset!B12:E12,Centroid_Init!C4:F4) | E12: =IF(B12<C12,IF(B12<D12,"C1","C3"),IF(C12<D12,"C2","C3"))
A13: D12 | B13: =SUMXMY2(Dataset!B13:E13,Centroid_Init!C2:F2) | C13: =SUMXMY2(Dataset!B13:E13,Centroid_Init!C3:F3) | D13: =SUMXMY2(Dataset!B13:E13,Centroid_Init!C4:F4) | E13: =IF(B13<C13,IF(B13<D13,"C1","C3"),IF(C13<D13,"C2","C3"))

Sheet Centroid_New_F1
A1: Cluster | B1: A1 | C1: A2 | D1: A3 | E1: A4
A2: C1 | B2: =AVERAGEIF(Distance_Assign_F1!E2:E13,"C1",Dataset!B2:B13) | C2: =AVERAGEIF(Distance_Assign_F1!E2:E13,"C1",Dataset!C2:C13) | D2: =AVERAGEIF(Distance_Assign_F1!E2:E13,"C1",Dataset!D2:D13) | E2: =AVERAGEIF(Distance_Assign_F1!E2:E13,"C1",Dataset!E2:E13)
A3: C2 | B3: =AVERAGEIF(Distance_Assign_F1!E2:E13,"C2",Dataset!B2:B13) | C3: =AVERAGEIF(Distance_Assign_F1!E2:E13,"C2",Dataset!C2:C13) | D3: =AVERAGEIF(Distance_Assign_F1!E2:E13,"C2",Dataset!D2:D13) | E3: =AVERAGEIF(Distance_Assign_F1!E2:E13,"C2",Dataset!E2:E13)
A4: C3 | B4: =AVERAGEIF(Distance_Assign_F1!E2:E13,"C3",Dataset!B2:B13) | C4: =AVERAGEIF(Distance_Assign_F1!E2:E13,"C3",Dataset!C2:C13) | D4: =AVERAGEIF(Distance_Assign_F1!E2:E13,"C3",Dataset!D2:D13) | E4: =AVERAGEIF(Distance_Assign_F1!E2:E13,"C3",Dataset!E2:E13)

Sheet SSE_Firefly_1
A1: Data | B1: SSE
A2: D1 | B2: 0
A3: D2 | B3: 2
A4: D3 | B4: 2
A5: D4 | B5: 4
A6: D5 | B6: 1
A7: D6 | B7: 2
A8: D7 | B8: 1
A9: D8 | B9: 3
A10: D9 | B10: 0
A11: D10 | B11: 4
A12: D11 | B12: 2
A13: D12 | B13: 2
A14: TOTAL SSE | B14: =SUM(B2:B13)

Sheet SSE_Firefly_2
A1: Data | B1: SSE
A2: D1 | B2: 1
A3: D2 | B3: 3
A4: D3 | B4: 2
A5: D4 | B5: 5
A6: D5 | B6: 2
A7: D6 | B7: 3
A8: D7 | B8: 2
A9: D8 | B9: 4
A10: D9 | B10: 1
A11: D10 | B11: 3
A12: D11 | B12: 1
A13: D12 | B13: 2
A14: TOTAL SSE | B14: =SUM(B2:B13)

Sheet Comparison
A1: Firefly | B1: Total SSE | C1: Brightness (1/SSE)
A2: Firefly 1 | B2: =SSE_Firefly_1!B14 | C2: =1/B2
A3: Firefly 2 | B3: =SSE_Firefly_2!B14 | C3: =1/B3
A4: Best Firefly | B4: =IF(B2<B3,"Firefly 1","Firefly 2") | C4: Lowest SSE
